whom	quien
Peace	paz (Salem)
(Jerusalem) Is There	(Jerusalén) está allí
above	arriba
to(wards)	hacia
to say	decir
all	todos
not	no
son	hijo
to be	ser: estar
to make	hacer
to come (in): bring	venir: traer
Hamath the great	Hamat la grande
Jeshurun	Jesurún
king	rey
`the king`	el rey
King's	del rey
Valley (of Kings)	Valle (de los Reyes)
Molech	Moloc
earth	tierra
Gibeath-(elohim)	Gibeat-elohim
day	día
face: kindness	rostro: bondad
house	casa
(Beth)-ashbea	(Bet)-asbea
(Beth)-haggan	(Bet)-hagán
(House of the Forest of) Lebanon	(Casa del Bosque de) el Líbano
to give: pay	dar: pagar
they(fem.)	ellas
people	pueblo
Amminadib	Amminadib
man: anyone	hombre: cualquiera
hand	mano
him	él
word: portion	palabra: porción
Chronicles	Crónicas
to see: approach	ver: acercarse
till	hasta
father	padre
Ner	Ner
(Huram)-abi	(Huram)-abi
this	este
to walk	andar
from	de: desde
to speak: promise	hablar: prometer
them	ellos
to hear	oír
(Ir)-nahash	(Ir)-nahas
to dwell	morar
to bring forth	sacar
you	tú
to return: reply	volver: responder
with me	conmigo
one	uno
David	David
to take: fire	tomar: fuego
with	con
to know	conocer
year	año
pretext	pretexto
eye	ojo
I	yo
to die	morir
there	allí
behold	he aquí
me	mí
to send	enviar
name	nombre
to devour	devorar
Judah	Judá
Judahite	judaita
Judean	judío
Kiriath-jearim	Cariathiarim
woman	mujer
two	dos
servant/slave	siervo/esclavo
thus	así
nothing	nada
also	también
Moses	Moisés
these	estos
priest	sacerdote
to read	proclamar: leer
who?	¿quién?
finally	al fin
soul: neck	alma: cuello
(Way of) Holiness	(Camino de) Santidad
way: journey	camino: viaje
to arise	levantarse
Rahab	Rahab
Egypt	Egipto
(Sea of) Egypt	(Mar de) Egipto
evil	mal
Shihor	Sihor
brother	hermano
to stand: establish	afirmar: estar en pie
daughter: village	hija: aldea
(Bat)-shua	(Bat)-sua
head	cabeza
hundred	cien
water	agua
Water (Gate)	Puerta de las Aguas
to set: appoint	poner: designar
man	hombre
heart	corazón
mountain	monte
they	ellos
Adam	Adán
fine	bueno
(Sea of the) Philistines	(Mar de los) filisteos
to stand: put	poner: estar en pie
to smite	herir
to command	mandar
under	debajo de
to beget	engendrar
living	viviente
beast	bestia
her	su
voice	voz
still	todavía
mouth	boca
thousand	mil
to keep: careful	guardar: cuidar
to find	hallar
holiness	santidad
Most Holy Place	Lugar Santísimo
Holy Place	Lugar Santo
great	grande
noble	noble
three	tres
to fall	caer
now	ahora
ruler	gobernante
(Hall of) Judgment	(Pórtico) del Juicio
justice: custom	justicia: costumbre
please	ruego, pues
midst	en medio
between	entre
perpetuity	perpetuidad
seven	siete
altar	altar
place	lugar
heaven	cielo
sea	mar
(Mount) Ephron	(Monte) Efrón
gold	oro
Saul	Saúl
Shaulite	saulita
Shaul	Saul
sword	espada
silver	plata
door	puerta
to go down	descender
utterance	oráculo
spirit	espíritu
to tell	contar
fire	fuego
blood	sangre
to build	edificar
five	cinco
counsel	consejo
tent: home	tienda: morada
ten	diez
around: neighours	alrededor
Aaron	Aarón
article/utensil	utensilio
fourfold	cuádruple
lord	señor
to bless	bendecir
prophet	profeta
tree: carpenter	árbol: carpintero
twenty	veinte
look!	mira!
battle	batalla
to answer	responder
family	familia
to turn aside: turn aside	apartarse: desviarse
to fear: revere	temer: reverenciar
sin offering	ofrenda por el pecado
Philistine	filisteo
feast	fiesta
Levi	Leví
much	mucho
time	tiempo
stronger	más fuerte
burnt offering	holocausto
month: new moon	mes: luna nueva
to serve: burden	servir: carga
to live	vivir
to approach	acercarse
covenant	pacto
Solomon	Salomón
stone	piedra
Babylon	Babilonia
En-rogel	En-rogel
flock	rebaño
Sheep (Gate)	Puerta de las Ovejas
Pharaoh-neco	Faraón-necao
Pharaoh	Faraón
(Pharaoh)-hophra	(Faraón)-hofra
to cut: lack	cortar: faltar
(Wilderness of) Sinai	(Desierto de) Sinaí
flesh	carne
cubit	codo
face	rostro
because	porque
us	nosotros
wicked	impío
to fill	llenar
border: area	frontera: territorio
youth	joven
enemy	enemigo
to possess: poor	poseer: despojar
foot	pie
Helech	Helec
strength	fortaleza
to sin	pecar
deed	hecho
Jeshua	Jesúa
Joshua	Josué
inheritance	heredad
seed	simiente
land: planet	tierra: país
peace	paz
night	noche
to write	escribir
to seek	buscar
Zaphenath-paneah	Zafnat-panea
Joseph	José
to drink	beber
meeting: signal appointed	junta: señal señalada
six	seis
tribe: supply	tribu: vara
mother	madre
to grow great	crecer: engrandecerse
instruction	instrucción
angel	ángel
to add	añadir
iniquity: punishment	iniquidad: castigo
to lie down: be dead	acostarse: estar muerto
ark	arca
to remember	acordarse
entrails: inner parts	entrañas: partes internas
(Baal)-berith	Baal-berit
god: power	dios: poder
morning	mañana
El (Elohe)	El (Elohe)
camp	campamento
offering	ofrenda
to gather	recoger
to end: expend	acabar: gastar
to stretch	extender
alone: besides	solo: además
tree	árbol
to love: friend	amar: amigo
magistrate	juez
be able	poder
righteous	justo
to rescue	librar
oil	aceite
to reveal	revelar: descubrir
Gera	Gera
scroll	rollo: libro
tribe: ruler	tribu: príncipe
animal	animal
cattle	ganado
glory	gloria
Moabite	moabita
Moab	Moab
Plains (of Moab)	Llanuras (de Moab)
commandment	mandamiento
old	viejo
ear: to ears	oreja: oídos
to save	salvar
first: chief	primero: principal
Abram	Abram
to swear	jurar
neighbor	prójimo
palm: dish	palma: fuente
Ephron	Efrón
Ephraim (Gate)	Puerta de Efraín
(Forest of) Ephraim	(Bosque de) Efraín
Ephraim	Efraín
Jordan	Jordán
(Mount) Ephraim	(Monte de) Efraín
thirty	treinta
to destroy	destruir
to consecrate: holiness	santificar: santidad
to bow	inclinarse
to choose	escoger
to shepherd	apacentar
to ask	preguntar
to understand	entender
fifty	cincuenta
entrance	entrada
to kill	matar
another	otro
[Ben]jaminite	benjamita
Benjamin	Benjamín
Benjamin (Gate)	Puerta de Benjamín
(Gate of) Benjamin	(Puerta de) Benjamín
sacrifice	sacrificio
to rise	ponerse en pie
outside	afuera
second	segundo
to flee	huir
lip: language	labio: lengua
work	obra
north	norte
Zaphon	Safón
Assyria	Asiria
Asshur	Asur
to turn: changed	volverse: cambiar
to set out	partir
mighty man	hombre valiente
wisdom	sabiduría
Jeremiah	Jeremías
to corrupt	corromper
to touch	tocar
righteousness	justicia
to camp	acampar
Joab	Joab
service	servicio
congregation	congregación
death	muerte
Edomite	edomita
Aram	Aram
Syrian	sirio
(Aram)-maacah	(Aram)-maaca
Mesopotamia	Mesopotamia
Paddan	Padán
to cover	cubrir
Samuel	Samuel
Shemuel	Semuel
surely	ciertamente
generation	generación
(Brook of) Willows	(Arroyo de) los Sauces
(Brook of) the Arabah	(Arroyo de) la Arabá
to rest	descansar
scribe	escriba
abundance	abundancia
wine	vino
Manassite	manasita
Manasseh	Manasés
tabernacle	tabernáculo
to break	quebrar
forty	cuarenta
(Mount) Gilead	(Monte) de Galaad
Gileadite	galaadita
Gilead	Galaad
Jabesh	Jabes
number	número
to open	abrir
to bury	sepultar
to pursue	perseguir
Ramath-mizpeh	Ramath-mizpeh
before	delante de
befall	acontecer
then	entonces
bullock	buey
to remain	quedarse
to rejoice	alegrarse
(Geruth) Chimham	(Gerut) de Chimham
Hezekiah	Ezequías
Hizkiah	Hizquías
wise	sabio
like	como
evening	tarde
to turn	volverse
Corner (Gate)	Puerta del Ángulo
(Hall of) the Throne	(Pórtico) del Trono
throne	trono
to hate	aborrecer
lest	para que no
to approach: bring	acercarse: traer
decree	decreto
sun	sol
to sacrifice	sacrificar
wall	muro
right: south	derecha: sur
Broad	Ancha
firstborn	primogénito
to capture	prender
to throw	lanzar
half	mitad
fruit	fruto
sister	hermana
bone: body	hueso: cuerpo
chariot: millstone	carro: piedra de molino
be ashamed	avergonzarse
abomination	abominación
rage	furor
beat	golpe
assembly	asamblea
to burn	quemar
(Hall of) Pillars	(Pórtico) de las Columnas
light	luz
we	nosotros
kingdom	reino
pillar	columna
to prophesy	profetizar
river	río
Euphrates	Éufrates
truth: certain	verdad: certeza
to weep	llorar
to account	calcular: imputar
be good	ser bueno
to honor: dull	honrar: ser pesado
south	sur
upright	recto
Jashar	Jasar
lamb	cordero
to magnify	engrandecer
Isaac	Isaac
to be sorry: relent	arrepentirse: consolarse
to clothe	vestir
Sabbath	sábado
Samaritan	samaritano
holy	santo
except	excepto
eight	ocho
to pour: scatter	derramar: esparcir
Jeroboam	Jeroboam
to trust	confiar
about/through/for	acerca de/por/para
statute	estatuto
Rabbah	Rabá
third	tercero
deception	engaño
Absalom	Absalón
appearance	apariencia
famine	hambre
width	anchura
wing	ala
skin	piel
dust	polvo
little	pequeño
to run: pieces	correr: pedazos
high place	lugar alto
seventh	séptimo
tongue	lengua
to minister	ministrar
length	largura
be pure	ser puro
Ahab	Acab
knowledge	conocimiento
to fornicate	fornicar
continually	continuamente
Esau	Esaú
fat	grasa
donkey	asno
pure	puro
cherub	querubín
to satisfy	saciar
to overturn	trastornar
(Mount) Esau	(Monte) de Esaú
seventy	setenta
Amorite	amorreo
unclean	inmundo
vineyard	viña
to escape	escapar
royalty	realeza
to shut	cerrar
shekel	siclo
sojourner	extranjero
cloud	nube
peace offering	ofrenda de paz
to be incensed	encenderse en ira
to give thanks	dar gracias
side	lado
side: west	lado: occidente
joy	gozo
unblemished: Thummim	sin defecto: Tumim
to buy	comprar
be appalled	estar pasmado
arm	brazo
Jonathan	Jonatán
Jehonathan	Jehonatán
Jonadab	Jonadab
to pray	orar
transgression	transgresión
male	varón
Chaldean	caldeo
to learn: learn	aprender
here	aquí
be complete	completarse
god	dios
beaten	batido
commander	comandante
Baal of Peor	Baal-peor
far	lejos
charge	guardia
treasure	tesoro
to advise	aconsejar
plague	plaga
to lighten	aligerar
darkness	tinieblas
Jehoshaphat	Josafat
livestock	ganado
to rule	gobernar
Kidron	Cedrón
contribution	contribución
sign	señal
iron	hierro
pasture	pastizal
goat	cabra
Jew	judío
East (Gate)	Puerta de Oriente
east	oriente
sanctuary	santuario
to afflict	afligir
to ride	cabalgar
allotted	repartido
to sell	vender
to sing	cantar
Elijah	Elías
lion	león
Reubenite	rubenita
Gad	Gad
Dibon	Dibón
temple: palace	templo: palacio
to help	socorrer
Leshem	Lesem
Dan	Dan
Plain (of Jericho)	Llanura (de Jericó)
talent	talento
why?	¿por qué?
witness	testigo
bird	ave
near	cerca
trumpet	trompeta
table	mesa
Eleazar	Eleazar
to cry out	clamar
shoulder	hombro
to stand	estar en pie
spoil	botín
Abimelech	Abimelec
possession	posesión
Ahimelech	Ahimelec
Achish	Aquis
hill	collado
Gibeathite	gibeatita
(Gilgal)-haaraloth	(Gilgal)-haaralot
Kiriath-arba	Cariath-arba
Hebronite	hebronita
Valley (of Hebron)	Valle (de Hebrón)
favor	gracia
to wonder	maravillarse
to blow	soplar
Luz	Luz
Bethel	Bet-el
fool	necio
to anoint	ungir
to rouse	despertar
bow	arco
to grasp	asir
cedar	cedro
Shibah	Siba
blessing	bendición
vanity	vanidad
drink offering	libación
to contend	pleitear
Abner	Abner
food offering	ofrenda de alimentos
belly: body	vientre: cuerpo
Rocks (of Goats)	Peñas (de las Cabras)
full	lleno
to hide	esconder
to spread	tender
rock	peña
grave	sepultura
end	fin
to curse	maldecir
portion	porción
maiden	doncella
Zedekiah	Sedequías
to prosper	prosperar
horn	cuerno
to tear	rasgar
to heal	sanar
latter	último
Nile	Nilo
stream	arroyo
afflicted	afligido
branch: calamus	rama: cálamo
remnant	resto
to set: consider	poner: considerar
evil: trouble	mal: aflicción
Arbathite	arbatita
mighty	poderoso
to form: plan	formar: idear
(Sea of) the Arabah	(Mar de) la Arabá
Mordecai	Mardoqueo
Arabah	Arabá
plain	llanura
Shechem	Siquem
maidservant	sierva
to bind	atar
dream	sueño
be gracious	tener misericordia
reproach	afrenta
Nebuchadnezzar	Nabucodonosor
Job	Job
Valley (of Elah)	Valle (de Elá)
Elisha	Eliseo
Valley (of Beracah)	Valle (de Beraca)
(Ge)-harashim	(Ge)-harasim
Valley (Gate)	Puerta del Valle
Valley	Valle
valley	valle
Metheg-ammah	Meteg-amma
Hamon-gog (Valley)	Hamon-gog (valle)
Valley (of Jezreel)	Valle (de Jezreel)
(Valley of) Iphtahel	(Valle de) Iptahel
Lebanon	Líbano
(Mount) Lebanon	(Monte) Líbano
(Valley of) Lebanon	(Valle de) el Líbano
(Valley of) Salt	(Valle de) la Sal
to look	mirar
Valley (of Achor)	(Valle de) Acor
(Emek)-keziz	(Emek)-keziz
(Valley of) Zeboim	(Valle de) Zeboim
Zephathah	Zefata
Valley (of Rephaim)	(Valle de) Refaim
burning-place	lugar de quema
nine	nueve
socket	base
Jehu	Jehú
Midian	Madián
Midianite	madianita
to inherit	heredar
sixty	sesenta
to finish	acabar
beside	junto a
beloved: male relative	amado: pariente
strong	fuerte
to wither	marchitarse
to rebuke	reprender
Ir-hatmarim	Ir-hatmarim
fourth	cuarto
strife	contienda
to waste	asolar
to contemplate	contemplar
Hadassah	Hadassa
to tread	pisar
to cease	cesar
to stumble	tropiezar
to plant	plantar
incense	incienso
to water: cupbearer	regar: copero
prayer	oración
needy	necesitado
way	camino
Haman	Amán
to sow	sembrar
afraid	temeroso
curtain	cortina
to watch	velar
crag	peñasco
Sela	Sela
hell: Sheol	infierno: Seol
Bashan	Basán
Josiah	Josías
salvation	salvación
tribute	tributo
testimony	testimonio
smell	olor
might	poder
honey	miel
wood	madera
province	provincia
plot	trama
unleavened bread	pan sin levadura
dishonor	deshonra
left: north	izquierda: norte
widow	viuda
New (Gate)	Puerta Nueva
new	nuevo
violence	violencia
to to be dismayed	estar desolado
board	tablón
Asa	Asa
without	sin
to break up/open	romper: abrir
discipline	disciplina
to banish	desterrar
fine flour	flor de harina
to ransom	rescatar
first: best	primero: el mejor
Rehoboam	Roboam
camel	camello
pestilence	pestilencia
ring	anillo
to provoke	provocar
tomorrow	mañana
weight	peso
for the sake of	por causa de
Passover	Pascua
tooth	diente
beauty	hermosura
be willing	querer
ephod	efod
vine	vid
woe!	¡ay!
here/thus	aquí: así
to see	ver
Hittite	hitita
Ishmaelite	ismaelita
Ishmael	Ismael
shield	escudo
iniquity	iniquidad
trouble	angustia
to cry	dar voces
to remove	quitar
to accept	aceptar
acceptance	aceptación
to go astray	extraviarse
to act treacherously	ser desleal
virgin	virgen
idol	ídolo
Jehoiada	Jehoyada
Washer's	del Lavandero
to wash	lavar
to extend	alargar
height	altura
carcass	cadáver
to overlay	recubrir
Rachel	Raquel
sackcloth	cilicio
praise	alabanza
blue	azul
word	palabra
to cleave	unirse
poor	pobre
to strike	golpear
Noah	Noé
to murder	asesinar
Gibeah	Gibea
Joash	Joas
wound	herida
Naphtali	Neftalí
Zadok	Sadoc
Kedesh	Cedes
perhaps	quizá
last	postrero
to swallow up	tragar
pride	soberbia
Damascus	Damasco
to pour: firm	derramar: firme
chamber	aposento
to overtake	alcanzar
to support	sostener
to fall on	caer sobre
to slacken	aflojar
to take captive	cautivar
Balak	Balac
captivity	cautiverio
to drive out: divorce	echar: repudiar
milk	leche
fifth	quinto
(Hananel) Tower	Torre (de Hananel)
by day	de día
tablet	tabla
Tower (of the Hundred)	Torre de los Cien
(Tower of) the Ovens	(Torre de) los Hornos
tower	torre
seat	asiento
to rebel	rebelarse
leader	jefe
dread	espanto
to work	trabajar
to break through	abrir brecha
shadow	sombra
breaking	quebranto
vanity: vain	vanidad: vano
Ahaz	Acaz
food	comida
Benaiah	Benaías
Garden (of Uzza)	Huerto (de Uza)
garden	huerto
spear	lanza
arrow	saeta
division	reparto
lampstand	candelero
chariot	carro
bed	cama
loin	lomo
foreign	extranjero
eunuch	eunuco
to listen	escuchar
sheep	oveja
Simeon	Simeón
Shimeon	Simeón
scarlet	carmesí
where?	¿dónde?
guilt (offering)	ofrenda por la culpa
to conceive	concebir
to overthrow	derribar
to flow: waste away	fluir: consumirse
to gird	ceñir
child	niño
Jebusite	jebuseo
fear	temor
Jesse	Isaí
soothing	apacible
Nathan	Natán
to forgive	perdonar
to restrain	retener
produce	producto
to ambush	emboscar
Asherite	aserita
to plunder	saquear
Lehem	Lehem
Bethlehem	Belén
be wasted	ser asolado
to discipline	castigar
beautiful	hermoso
to clear	declarar inocente
Shimei	Simei
Ai	Hai
to strip	desnudar
jealousy	celos
to conspire	conspirar
Shemaiah	Semaías
understanding	entendimiento
ephah	efa
to separate	separar
to despise	menospreciar
security	seguridad
Jerubbesheth	Jerubeset
Zebulunite	zabulonita
to spare	apiadarse
desolation	desolación
be pleasing	agradar
Issachar	Isacar
heavy	pesado
yoke	yugo
to transgress	prevaricar
to justify	justificar
street/plaza	calle: plaza
to mourn	estar de luto
Amaziah	Amasías
Asherah	Asera
bar	barra
to found	fundar
rain	lluvia
Ramathaim-zophim	Ramataim-zofim
Mizpah	Mizpa
how	cómo
vow	voto
to leave	dejar
Sodom	Sodoma
Amalekite	amalecita
Amalek	Amalec
neck	cuello
to shout	aclamar
to have compassion	tener compasión
compassion	compasión
horror: appalled	espanto: pasmo
Samson	Sansón
Sarai	Sarai
blessed	bienaventurado
Gibbar	Gibbar
Gilgal	Gilgal
Galilee	Galilea
sufficiency	suficiencia
Jehoiakim	Joaquim
orphan	huérfano
lyre	arpa
to refuse	rehusar
fullness	plenitud
to shake	sacudir
be distressed	estar angustiado
fig	higo
love	amor
coastland	costa: isla
purple	púrpura
well	pozo
high	alto
threshing floor	era
(Mount of) Olives	(Monte de) los Olivos
olive	oliva
bosom: secret	seno: secreto
to tremble	temblar
burning anger	ira ardiente
uncleanness	inmundicia
opposite	enfrente de
bitter	amargo
Sihon	Sehón
concubine	concubina
Tyrian	de Tiro
Ramah	Rama
Shimeite	simeíta
to quiet	sosegar
wheel	rueda
faithfulness	fidelidad
to gather/restrain/fortify	recoger/contener/fortalecer
to scatter	dispersar
Heshbon	Hesbón
to wait: hope	esperar
be humble	humillarse
Queen (of Sheba)	Reina (de Sabá)
queen	reina
be unfaithful	ser infiel
Second [Quarter]	Segundo [distrito]
to test: try	probar
Zobah	Soba
leprosy	lepra
severe	riguroso
Portico	pórtico
back	espalda
Ahaziah	Acazías
to strengthen	fortalecer
be proper	ser recto
pleasure	contentamiento
artificer	artífice
Jezreel	Jezreel
Jezreelitess	jezreelita
star	estrella
Calebite	calebita
Carmi	Carmi
daughter-in-law	nuera
Leah	Lea
fortification	fortaleza
Hebrew	hebreo
be jealous	tener celos
gatekeeper	portero
she-ass	asna
to exult	regocijarse
to steal	hurtar
grain	grano
Daniel	Daniel
visibility	vista
precious	precioso
be humiliated	ser avergonzado
Mica	Mica
Micah	Miqueas
Micaiah	Micaías
to draw	sacar
proverb	proverbio
Sinai	Sinaí
calf	becerro
Eli	Eli
uncircumcised	incircunciso
to oppress	oprimir
tenth	diezmo
shout	grito
Asaph	Asaf
to light	encender
guardsman	guardián
to give	dar
to sustain	sustentar
Lot	Lot
wonder	portento
cave	cueva
to lead	guiar
affliction	aflicción
inner	interior
punishment	castigo
Rabshakeh	Rabsaces
be wicked	ser impío
to laugh	reír
Shilonite	silonita
eighty	ochenta
new wine	mosto
Ahasuerus	Asuero
to dismay	desolar
to saddle/tie	ensillar/atar
Hilkiah	Helcías
for nothing	de balde
to suckle	amamantar
kind	bondadoso
to avenge	vengar
close	cercano
riches	riquezas
to spring	brotar
curse	maldición
be angry	enojarse
pomegranate	granada
barley	cebada
world	mundo
be guilty	ser culpable
window	ventana
goodness	bondad
Azariah	Azarías
Iphtah	Ipta
Jephthah	Jefté
kidney	riñón
bowl	escudilla
morrow	el día siguiente
to commit adultery	adulterar
Nun	Nun
fury	furia
gazelle	gacela
to refine	refinar
Rebekah	Rebeca
abyss	abismo
wave offering	ofrenda mecida
Abiathar	Abiatar
