his	su
and	y
it/s/he	él/ella
of you	de vosotros
then	entonces
in/on/among	en
being	siendo
of me	de mí
toward	hacia
not!	¡no!
which	el cual
of these	de estos
to say: call	decir: llamar
God	Dios
that/since: since	porque/puesto que
all	todos
for	porque/para
not	no
Jesus	Jesús
Christ	Cristo
Jose	José
Justus	Justo
Joshua	Josué
to say	decir
out from	fuera de
upon/to/against	sobre/contra
lord: master	señor: amo
to/with	a/con
to have/be	tener/ser
through/because of	por/por causa de
be born	nacer
away from	lejos de
in order that/to	para que
but	pero
to come/go	venir/ir
he did	hizo
which?	¿cuál?
a human	un ser humano
one	uno
therefore/then	por tanto
if: even though	aunque
as/when	como/cuando
according to	según
with/after	con/después
to hear	oír
father	padre
to give	dar
day	día
spirit/breath: breath	espíritu: aliento
son	hijo
to know	conocer
much	mucho
or	o
first	primero
brother	hermano
if	si
about	acerca de
word	palabra
themself	sí mismo
to speak	hablar
heaven	cielo
disciple	discípulo
to take	tomar
earth: soil	tierra
that	que
to answer	responder
greater	mayor
to trust (in)	confiar (en)
faith: faithfulness	fe: fidelidad
none	ninguno
name	nombre
holy: saint	santo
and/both	y/ambos
by/under: under	bajo
woman: wife	mujer: esposa
to go out	salir
man: husband	hombre: marido
thus(-ly)	así
be willing	querer
look!	mirad!
be able	poder
to write	escribir
law	ley
from/with/beside	de/con/junto a
Jew	judío
to enter	entrar
on the other hand	en cambio
world	mundo
angel: messenger	ángel: mensajero
as/just as	como
hand	mano
to find/meet	hallar/encontrar
work	obra
crowd	multitud
sin	pecado
glory	gloria
city	ciudad
kingdom	reino
Saul	Saulo
first: best	primero: el mejor
Sergius	Sergio
Gentiles	gentiles
another	otro
heart	corazón
Simeon	Simeón
[wife of Peter]	[esposa de Pedro]
[mother-in-law of Peter]	[suegra de Pedro]
to stand	estar en pie
grace	gracia
to travel	viajar
amen	amén
above/for	arriba: por
flesh	carne
now	ahora
prophet	profeta
until	hasta
to call: name	llamar: nombrar
to release: permit	soltar: permitir
who/which	quién/cual
nor	ni
again	otra vez
body	cuerpo
to love	amar
to arise	levantarse
life	vida
a people	un pueblo
voice/sound: noise	voz: ruido
to see	ver
two	dos
John	Juan
Mark	Marcos
to send	enviar
dead	muerto
with	con
slave	esclavo
an age: eternity	siglo: eternidad
when(-ever)	cuandoquiera
high-priest	sumo sacerdote
to throw: hit	echar: herir
to deliver	librar
power	poder
death	muerte
to go away	irse
to seek	buscar
to remember	acordarse
one's own/private	propio
king	rey
assembly	iglesia
to judge	juzgar
love	amor
house: household	casa: familia
alone	solo
to die	morir
to ensue	perseguir
just as/how much	así como: cuánto
truth	verdad
to save	salvar
to plead/comfort	exhortar: consolar
hour	hora
be necessary	ser necesario
when	cuando
soul: animal	alma: vida
how?!	¡cómo!
good	bueno
to take up	levantar
authority	autoridad
still	todavía
Havens	los cielos
road	camino
one another	unos a otros
eye	ojo
Pharisee	fariseo
blood	sangre
(Field of) Blood	(Campo) de Sangre
there	allí
other	otro
to place	poner
bread	pan
child	niño
to beget	engendrar
to teach	enseñar
to eat	comer
to walk	andar
before	antes
home: household	hogar: casa
place	lugar
to fear	temer
to destroy	destruir
righteousness	justicia
foot	pie
immediately	luego
peace	paz
nothing	nada
to follow	seguir
to sit	sentarse
sea	mar
to collapse	desvanecerse
seven	siete
to fulfill	cumplir
neither	ni
to come near/agree	acercarse: convenir
to pray	orar
be first	ser primero
time/right time	tiempo: sazón
mother	madre
where(-ever)	dondequiera
more: rather	más: antes bien
so	así
to ascend	subir
each	cada uno
to expel	expulsar
to come/go down	descender
to baptize	bautizar
just	justo
to go	ir
water	agua
apostle	apóstol
evil/bad	malo
mouth	boca
Moses	Moisés
to open	abrir
twelve	doce
to testify	testificar
face	rostro
sign	señal
Zion	Sion
head	cabeza
Simon	Simón
to kill	matar
gospel	evangelio
to drink	beber
fire	fuego
to rejoice	regocijarse
to keep: protect	guardar: proteger
Abraham	Abraham
temple	templo
light	luz
declaration	declaración
Three	Tres
to ask	preguntar
to bring	traer
eternal	eterno
commandment	mandamiento
Israelite	israelita
faithful	fiel
boat	barca
to assert	afirmar
Sabbath	sábado
scribe	escriba
elder: old	anciano
to release: divorce	despedir: divorciar
fruit	fruto
to bear/lead	llevar: guiar
whether	si acaso
out/outside(r)	fuera: forastero
night	noche
mountain	monte
to think	pensar
throne	trono
here	aquí
demon	demonio
will/desire	voluntad: deseo
clothing	vestido
to glorify	glorificar
Galilean	galileo
(Sea of) Tiberias	(Mar de) Tiberias
beloved	amado
already	ya
to preach	predicar
to assemble	reunir
be already	estar ya
stone	piedra
midst	en medio
to worship	adorar
such as this	como este
teacher	maestro
joy	gozo
David	David
to see/experience	ver: experimentar
beginning	principio
to pay respects to	saludar
to receive	recibir
synagogue	sinagoga
to question	interrogar
to cry	dar voces
third	tercero
to speak good news	evangelizar
Pontius	Poncio
right	derecho
last/least	postrero: el menor
Mary	María
to persuade	persuadir
therefore	por tanto
hope	esperanza
time	tiempo
promise	promesa
to sow	sembrar
blind	ciego
wisdom	sabiduría
saving	que salva
tongue	lengua
a writing	un escrito
deserted	desierto
evil/harm: harm	mal: daño
blessed	bienaventurado
parable	parábola
need	necesidad
sinful	pecador
to pay	pagar
year	año
judgment	juicio
where?	¿dónde?
to bring to	ofrecer
prison/watch: watch	cárcel: vigilancia
to announce	anunciar
wild animal	bestia
to grasp/seize	asir: agarrar
woe!	¡ay!
to reveal	revelar
secondly	en segundo lugar
to seat	sentar
small	pequeño
like	como
to crucify	crucificar
fear	temor
to pursue	perseguir
to dwell	morar
to bind	atar
to pass through	atravesar
to come to know	llegar a conocer
Herod	Herodes
to marvel	maravillarse
to serve/heal	servir: sanar
pressure	tribulación
new	nuevo
to loose	desatar
little/few	poco: pocos
Judea	Judea
to sin	pecar
generation	generación
to come near	acercarse
to praise/bless	alabar: bendecir
seed(s)	simiente
honor	honra
to call	llamar
resurrection	resurrección
James	Santiago
part	parte
to stand by	presentarse
to suffer	padecer
today	hoy
goal/tax	fin: impuesto
four	cuatro
worthy	digno
to work	trabajar
sufficient	suficiente
Lebbaeus	Lebéo
Iscariot	iscariote
Jude	Judas
Judah	Judá
Judas	Judas
to count	contar
remaining	restante
to hate	aborrecer
grave	sepulcro
always	siempre
to test/tempt: try	tentar: probar
to touch	tocar
to make ready	preparar
door	puerta
to weep	llorar
to build	edificar
to lead astray	extraviar
sheep	oveja
to subject	sujetar
without	sin
to put/lay on	poner encima
to exceed	exceder
to do/require	hacer: exigir
devilish/the Devil	diabólico/el Diablo
to justify	justificar
desire	deseo
to thank	dar gracias
Philippi	Filipos
to boast	gloriarse
to come	venir
five	cinco
Philip	Felipe
Field of	Campo de
field	campo
Field (of Blood)	Campo (de Sangre)
ruler	gobernante
to plan	planear
to serve	servir
well	bien
testimony	testimonio
after	después de
ear	oreja
Satan	Satanás
Joseph	José
to turn	volverse
Josech	José
wrath	ira
circumcision	circuncisión
prayer	oración
just as	así como
be weak: ill	estar enfermo
scroll	rollo
to blaspheme	blasfemar
witness	testigo
yes	sí
to owe	deber
to return	volver
service	servicio
to depart	partir
member	miembro
to repent	arrepentirse
wine	vino
poor	pobre
to read	leer
to deny	negar
to show	mostrar
covenant	pacto
what?	¿qué?
cup	copa
unclean	inmundo
able	poderoso
to have pity	tener compasión
be permitted	ser permitido
enemy	enemigo
sun	sol
priest	sacerdote
to order	ordenar
multitude	multitud
but/however	pero: sin embargo
perseverance	perseverancia
to buy	comprar
wind	viento
lamb	cordero
Augustan	Augusto
to hope/expect	esperar
to call (on)/name	invocar: nombrar
to clean	limpiar
Claudius	Claudio
Nero	Nerón
similarly	de manera semejante
boldness	valentía
darkness	tinieblas
conscience	conciencia
Tiberius	Tiberio
to shine/appear	resplandecer
to keep/guard: protect	guardar: proteger
tribe	tribu
servant	siervo
teaching	enseñanza
near	cerca
to pass by	pasar junto a
to cause to stumble	hacer tropezar
to flee	huir
to reason	razonar
Elijah	Elías
[father of Barnabus]	[padre de Bernabé]
to marry	casarse
knowledge	conocimiento
to rebuke	reprender
sacrifice	sacrificio
strong	fuerte
sword	espada
wage	jornal
encouragement	consolación
whence	¿de dónde?
once/when	una vez/cuando
Passover lamb	cordero de la Pascua
to sanctify	santificar
to harm	dañar
true	verdadero
indeed	ciertamente
from there	de allí
to govern	gobernar
daughter	hija
be strong	ser fuerte
clean	limpio
village	aldea
to conquer	vencer
rich	rico
to call to/summon	llamar: convocar
to prophesy	profetizar
cross	cruz
to finish	acabar
country	campo
to carry	llevar
to pour out	derramar
mercy	misericordia
to put on	vestirse de
festival	fiesta
since	puesto que
Jacob	Jacob
to heal	sanar
to abate	cesar
mystery	misterio
how much/many?	¿cuánto(s)?
Timothy	Timoteo
friendly/friend	amigo
widow	viuda
sister	hermana
weak: ill	enfermo
because of	a causa de
to come/be present	venir: estar presente
to grieve	entristecerse
to swear	jurar
to confess/profess	confesar
not yet	todavía no
spiritual	espiritual
sexual sin	fornicación
soldier	soldado
to understand	entender
Gentile	gentil
unrighteousness	injusticia
to look up/again	mirar arriba
ten	diez
tree	árbol
be a slave	ser esclavo
to lay/be appointed	poner: ser designado
white	blanco
to learn	aprender
cloud	nube
whither	¿adónde?
be present	estar presente
to seal	sellar
Egypt	Egipto
hearing	oído
weakness: ill	enfermedad
star	estrella
to make known	dar a conocer
select	elegido
epistle	epístola
to leave behind	dejar atrás
to accuse	acusar
repentance	arrepentimiento
mind	entendimiento
coming	venida
to fill	llenar
to watch out	estar alerta
savior	salvador
vineyard	viña
to lead	guiar
unbelieving	incrédulo
to grow	crecer
to keep watch	velar
because	porque
image	imagen
free/freedom	libre: libertad
living thing	ser viviente
to look at	mirar
altar	altar
belly/womb/stomach	vientre
to labor	fatigarse
to prevent	impedir
Macedonia	Macedonia
to hunger	tener hambre
other side	al otro lado
to clothe	vestir
vessel	vaso
to perfect	perfeccionar
to give grace	dar gracia
thousand	mil
be ignorant	ignorar
to test	probar
to select	escoger
to sleep	dormir
to appoint/conduct	designar: conducir
to workout/produce	producir
never again	nunca más
trespass	ofensa
plague/blow/wound	plaga: golpe
riches	riquezas
to sell	vender
council	concilio
military officer	oficial militar
like/as/about	como/acerca de
Isaiah	Isaías
baptism	bautismo
to reign	reinar
family: kind	familia: linaje
centurion	centurión
be active	operar
to delight	deleitarse
to approach	acercarse
to reap	segar
to minister	ministrar
to fast	ayunar
temptation/testing: testing	tentación: prueba
tent	tienda
wise	sabio
tax collector	publicano
forty	cuarenta
so great	tan grande
to obey	obedecer
clear	evidente
cause/charge	causa: cargo
uncircumcision	incircuncisión
money	dinero
parent	padres
fish	pez
wood	madera
to go/bring before	ir delante
to honor	honrar
to run	correr
hypocrite	hipócrita
to lift up	alzar
Isaac	Isaac
truly	verdaderamente
to have in full	recibir íntegro
destruction	destrucción
number	número
Asian	de Asia
farmer	labrador
petition	súplica
to judge/doubt	juzgar: dudar
gift	don
above	arriba
to catch	capturar
to permit	permitir
heavenly	celestial
labor	trabajo
stronger	más fuerte
judge	juez
creation	creación
to worry	afanarse
surely not	de ningún modo
old	viejo
to set before	poner delante
instantly	al instante
war	guerra
when?	¿cuándo?
prophecy	profecía
perfect	perfecto
to give birth to	dar a luz
necessity	necesidad
Antiochian	antioqueno
Antioch	Antioquía
blasphemy	blasfemia
chain	cadena
to climb	subir
to put on/seize	vestirse de: agarrar
treasure	tesoro
to condemn	condenar
to hold back/fast	retener firmemente
empty	vacío
to inherit	heredar
participation	participación
to hide	esconder
month	mes
building	edificio
to circumcise	circuncidar
fulfillment	cumplimiento
shepherd	pastor
often	muchas veces
to add (to)	añadir
gate	puerta
to rescue	librar
crown	corona
to trouble	turbar
golden	de oro
likewise	asimismo
to lead away	llevar fuera
revelation	revelación
to please	agradar
forgiveness	perdón
food	comida
prisoner	preso
hundred	cien
to amaze	asombrar
the next day	al día siguiente
to remain/keep on	quedarse: perseverar
ready	preparado
horse	caballo
Caesarea	Cesarea
to proclaim	proclamar
to destroy/lodge	derribar: hospedarse
to gain	ganar
hidden	escondido
to wash	lavar
near/neighbor	cercano: prójimo
river	río
Rabboni	Rabboni
root	raíz
be profitable	ser provechoso
to remain/endure	permanecer
oh!	¡oh!
to reject	rechazar
to investigate	investigar
lawlessness	iniquidad
wedding	bodas
dinner	cena
denarius	denario
to discuss	discutir
to direct	dirigir
to thirst	tener sed
to stretch out	extender
to long for	anhelar
worker	obrero
praise	alabanza
Ephesus	Éfeso
zeal	celo
foundation	fundamento
badly	mal
Capernaum	Capernaum
to descend	descender
to shut	cerrar
thief	ladrón
grief	tristeza
bridegroom	novio
never	nunca
suffering	padecimiento
to furnish occasion	dar ocasión
rock	roca
full	lleno
to look for	buscar
how	cómo
fig tree	higuera
to seize/conceive/help	asir
to commend	recomendar
seal	sello
wonders	portentos
be bold	ser valiente
to lack	faltar
to feed	apacentar
both	ambos
to recline	recostarse
to endure	soportar
to disobey	desobedecer
tomorrow	mañana
to leave	dejar
to taste	probar
acquainted with	conocer
something written	algo escrito
naked	desnudo
to beat up	golpear
to testify solemnly	testificar solemnemente
to profess	profesar
piety	piedad
thankfulness	gratitud
hair	cabello
to grasp	asir
to devour	devorar
to break	quebrar
heir	heredero
to create	crear
Lazarus	Lázaro
[father of Lazarus]	[padre de Lázaro]
robber/rebel	ladrón: rebelde
to commit adultery	adulterar
ointment	perfume
to dry	secar
such as	tal como
to liken	comparar
evening	tarde
virgin	virgen
to cease	cesar
to water	regar
to shake	sacudir
stumbling block	piedra de tropiezo
talent	talento
table	mesa
mark/example	marca: ejemplo
grass	hierba
lame	cojo
to help	socorrer
Damascus	Damasco
Jordan	Jordán
a thorn	una espina
another’s	ajeno
to report	informar
to oppose	oponerse
once	una vez
to seize	agarrar
to gaze	contemplar
reasoning	razonamiento
sixth	sexto
least	el menor
to know/understand	conocer: entender
to celebrate	celebrar
to sacrifice	sacrificar
to observe	observar
inheritance	herencia
common: shared	común
to profane	profanar
deaf/mute	sordo/mudo
lamp	lámpara
from afar	desde lejos
patience	paciencia
to divide	repartir
measure	medida
foreign	extranjero
snake	serpiente
bird	ave
to wait for/welcome	esperar: recibir
Rome	Roma
Sadducee	saduceo
earthquake	terremoto
grain	grano
to humble	humillar
Titus	Tito
to strike	herir
healthy	sano
obedience	obediencia
thoughtful	prudente
nature	naturaleza
pig	puerco
behaviour	conducta
Andrew	Andrés
from above/again	de arriba: de nuevo
be demonised	estar endemoniado
come	ven
to dispute	disputar
to spread/surpass	extenderse: sobresalir
dragon	dragón
be astonished	estar maravillado
charity	amor
to mock	burlarse
six	seis
to send out/away	enviar fuera
outside	afuera
to seek after	buscar
leaven	levadura
harvest	cosecha
smoke	humo
to dishonor	deshonrar
to come to	acercarse
to complete	completar
to steal	hurtar
henceforth	de aquí en adelante
Martha	Marta
foolish	necio
Nazareth	Nazaret
to instruct	instruir
maidservant	sierva
tradition	tradición
Silvanus	Silvano
co-worker	colaborador
to decease	fallecer
precious	precioso
way	camino
to obtain/happen	obtener: suceder
later	después
Festus	Festo
to separate/leave	separarse: partir
Highest	Altísimo
Agrippa	Agripa
unjust	injusto
rooster	gallo
to give rest	dar reposo
ancient	antiguo
wineskin	odre
palace/courtyard	palacio: patio
one who baptizes	el que bautiza
to torture: anguish	atormentar: angustiar
Bethany	Betania
judgement seat	tribunal
to cry out	clamar
plan	plan
thunder	trueno
hell: Gehenna	infierno: Gehena
a knee	rodilla
net	red
custom	costumbre
to look into/upon	escudriñar
to lead out	sacar fuera
inwardly	por dentro
Zebedee	Zebedeo
[wife of Zebedee]	[esposa de Zebedeo]
Thomas	Tomás
reed/stick/pen	caña: pluma
to burn	quemar
pride	soberbia
lot	suerte
called	llamado
to join	unirse
bed	cama
greatly	grandemente
hunger	hambre
lampstand	candelero
Magdalene	Magdalena
especially	especialmente
young man	joven
tooth	diente
householder	padre de familia
vision	visión
region	región
to refuse/excuse	rehusar: excusarse
more excessively	en más exceso
flow	fluir
to arrest/catch	prender
to multiply	multiplicar
be rich	ser rico
prostitute	prostituta
purpose	propósito
early	temprano
to inquire	informarse
colt	potro
rod	vara
to sound a trumpet	tocar trompeta
Portico	pórtico
to pity	compadecerse
diligence	diligencia
to establish	establecer
to hold/oppress	sujetar: oprimir
three times	tres veces
be healthy	estar sano
high	alto
bowl	escudilla
to murder	asesinar
gold	oro
to lie	mentir
Babylon	Babilonia
Olivet	Monte de los Olivos
Solomon	Salomón
marketplace	plaza
Ananias	Ananías
east	oriente
unbelief	incredulidad
eating	el comer
be full	estar lleno
teardrop	lágrima
deceit	engaño
free gift	don gratuito
to allow	permitir
idol	ídolo
twenty	veinte
to bring in	introducir
olive oil	aceite de oliva
freedom	libertad
be ashamed of	avergonzarse de
to fall/press upon	caer sobre
to visit/care for	visitar: cuidar
Zechariah	Zacarías
be eager	esforzarse
to make alive	vivificar
to bury	sepultar
to die/be dead	morir: estar muerto
to kindle/burn	encender
evil	mal
to prepare	preparar
horn	cuerno
branch	renuevo
calling	llamamiento
lake	lago
long/distant	largo/distante
to measure	medir
illness	enfermedad
this	este
united	unidos
to name	nombrar
to pass	pasar
to shepherd	apacentar
thing	cosa
trumpet	trompeta
affection/entrails	entrañas: afecto
kindred	parientes
very	muy
to split	dividir
thirty	treinta
under	debajo de
to plant	plantar
to illuminate	iluminar
worse than	peor que
tunic	túnica
to use	usar
false prophet	falso profeta
Tyre	Tiro
Most Holy Place	Lugar Santísimo
Holy Place	Lugar Santo
Samaria	Samaria
holiness	santidad
hell: Hades	infierno: Hades
unable	incapaz
impurity	inmundicia
together	juntos
to carry up	llevar arriba
lawless	sin ley
to get back	recuperar
Apollos	Apolos
to defend oneself	defenderse
redemption	redención
debauchery	lascivia
salutation	saludo
to remove	quitar
to separate	separar
Achaia	Acaya
book	libro
master	maestro
righteous act	acto de justicia
persecution	persecución
to fall out	caer
ninth (hour)	novena (hora)
liable for	culpable de
from here	de aquí
to agree	concordar
to give/deliver	dar: entregar
